[{"id":"user-file-AmazonCloselyRelatedTopicsGraph_New.png","fileName":"AmazonCloselyRelatedTopicsGraph_New.png","name":"AmazonCloselyRelatedTopicsGraph_New","publicUrl":"np://user.desktop.nicepage.com/Site_105310027/files/AmazonCloselyRelatedTopicsGraph_New.png","size":27819},{"id":"user-file-AmazonSourceTreemap_ChartJS.png","fileName":"AmazonSourceTreemap_ChartJS.png","name":"AmazonSourceTreemap_ChartJS","publicUrl":"np://user.desktop.nicepage.com/Site_105310027/files/AmazonSourceTreemap_ChartJS.png","size":32646},{"id":"user-file-BoeingCloselyRelatedTopicsGraph_New.png","fileName":"BoeingCloselyRelatedTopicsGraph_New.png","name":"BoeingCloselyRelatedTopicsGraph_New","publicUrl":"np://user.desktop.nicepage.com/Site_105310027/files/BoeingCloselyRelatedTopicsGraph_New.png","size":28533},{"id":"user-file-BoeingSourceTreemap_ChartJS.png","fileName":"BoeingSourceTreemap_ChartJS.png","name":"BoeingSourceTreemap_ChartJS","publicUrl":"np://user.desktop.nicepage.com/Site_105310027/files/BoeingSourceTreemap_ChartJS.png","size":33763},{"id":"user-file-Lowe_sCloselyRelatedTopicsGraph_New.png","fileName":"Lowe_sCloselyRelatedTopicsGraph_New.png","name":"Lowe_sCloselyRelatedTopicsGraph_New","publicUrl":"np://user.desktop.nicepage.com/Site_105310027/files/Lowe_sCloselyRelatedTopicsGraph_New.png","size":31299},{"id":"user-file-LowesSourceTreemap_ChartJS.png","fileName":"LowesSourceTreemap_ChartJS.png","name":"LowesSourceTreemap_ChartJS","publicUrl":"np://user.desktop.nicepage.com/Site_105310027/files/LowesSourceTreemap_ChartJS.png","size":30026},{"id":"user-file-McDonald_sCloselyRelatedTopicsGraph_New.png","fileName":"McDonald_sCloselyRelatedTopicsGraph_New.png","name":"McDonald_sCloselyRelatedTopicsGraph_New","publicUrl":"np://user.desktop.nicepage.com/Site_105310027/files/McDonald_sCloselyRelatedTopicsGraph_New.png","size":29540},{"id":"user-file-McDonaldsSourceTreemap_ChartJS.png","fileName":"McDonaldsSourceTreemap_ChartJS.png","name":"McDonaldsSourceTreemap_ChartJS","publicUrl":"np://user.desktop.nicepage.com/Site_105310027/files/McDonaldsSourceTreemap_ChartJS.png","size":31244},{"id":"user-file-NvidiaCloselyRelatedTopicsGraph_New.png","fileName":"NvidiaCloselyRelatedTopicsGraph_New.png","name":"NvidiaCloselyRelatedTopicsGraph_New","publicUrl":"np://user.desktop.nicepage.com/Site_105310027/files/NvidiaCloselyRelatedTopicsGraph_New.png","size":31699},{"id":"user-file-NvidiaSourceTreemap_ChartJS.png","fileName":"NvidiaSourceTreemap_ChartJS.png","name":"NvidiaSourceTreemap_ChartJS","publicUrl":"np://user.desktop.nicepage.com/Site_105310027/files/NvidiaSourceTreemap_ChartJS.png","size":38363},{"id":"user-file-PfizerCloselyRelatedTopicsGraph_New.png","fileName":"PfizerCloselyRelatedTopicsGraph_New.png","name":"PfizerCloselyRelatedTopicsGraph_New","publicUrl":"np://user.desktop.nicepage.com/Site_105310027/files/PfizerCloselyRelatedTopicsGraph_New.png","size":30865},{"id":"user-file-PfizerSourceTreemap_ChartJS.png","fileName":"PfizerSourceTreemap_ChartJS.png","name":"PfizerSourceTreemap_ChartJS","publicUrl":"np://user.desktop.nicepage.com/Site_105310027/files/PfizerSourceTreemap_ChartJS.png","size":34014},{"id":"user-file-SalesforceCloselyRelatedTopicsGraph_New.png","fileName":"SalesforceCloselyRelatedTopicsGraph_New.png","name":"SalesforceCloselyRelatedTopicsGraph_New","publicUrl":"np://user.desktop.nicepage.com/Site_105310027/files/SalesforceCloselyRelatedTopicsGraph_New.png","size":29377},{"id":"user-file-SalesforceSourceTreemap_ChartJS.png","fileName":"SalesforceSourceTreemap_ChartJS.png","name":"SalesforceSourceTreemap_ChartJS","publicUrl":"np://user.desktop.nicepage.com/Site_105310027/files/SalesforceSourceTreemap_ChartJS.png","size":37737},{"id":"user-file-StarbucksCloselyRelatedTopicsGraph_New.png","fileName":"StarbucksCloselyRelatedTopicsGraph_New.png","name":"StarbucksCloselyRelatedTopicsGraph_New","publicUrl":"np://user.desktop.nicepage.com/Site_105310027/files/StarbucksCloselyRelatedTopicsGraph_New.png","size":28935},{"id":"user-file-StarbucksSourceTreemap_ChartJS.png","fileName":"StarbucksSourceTreemap_ChartJS.png","name":"StarbucksSourceTreemap_ChartJS","publicUrl":"np://user.desktop.nicepage.com/Site_105310027/files/StarbucksSourceTreemap_ChartJS.png","size":34483},{"id":"user-file-TeslaCloselyRelatedTopicsGraph_New1.png","fileName":"TeslaCloselyRelatedTopicsGraph_New1.png","name":"TeslaCloselyRelatedTopicsGraph_New1","publicUrl":"np://user.desktop.nicepage.com/Site_105310027/files/TeslaCloselyRelatedTopicsGraph_New1.png","size":29288},{"id":"user-file-TeslaSourceTreemap_ChartJS.png","fileName":"TeslaSourceTreemap_ChartJS.png","name":"TeslaSourceTreemap_ChartJS","publicUrl":"np://user.desktop.nicepage.com/Site_105310027/files/TeslaSourceTreemap_ChartJS.png","size":33445},{"id":"user-file-WalmartCloselyRelatedTopicsGraph_New.png","fileName":"WalmartCloselyRelatedTopicsGraph_New.png","name":"WalmartCloselyRelatedTopicsGraph_New","publicUrl":"np://user.desktop.nicepage.com/Site_105310027/files/WalmartCloselyRelatedTopicsGraph_New.png","size":27522},{"id":"user-file-WalmartSourceTreemap_ChartJS.png","fileName":"WalmartSourceTreemap_ChartJS.png","name":"WalmartSourceTreemap_ChartJS","publicUrl":"np://user.desktop.nicepage.com/Site_105310027/files/WalmartSourceTreemap_ChartJS.png","size":34881}]