[{"id":"user-image-603148.png","publicUrl":"np://user.desktop.nicepage.com/Site_7991170/images/603148.png","size":3607,"fileName":"603148.png","name":"603148","width":128,"height":128,"thumbnail":{"url":"np://user.desktop.nicepage.com/Site_7991170/images/thumbnails/603148.png","width":128,"height":128,"length":3607},"usages":[]},{"id":"user-image-TabanProfile.jpg","publicUrl":"np://user.desktop.nicepage.com/Site_7991170/images/TabanProfile.jpg","size":57012,"fileName":"TabanProfile.jpg","name":"TabanProfile","width":500,"height":500,"thumbnail":{"url":"np://user.desktop.nicepage.com/Site_7991170/images/thumbnails/TabanProfile.jpg","width":250,"height":250},"usages":[]},{"id":"user-image-2449837.png","publicUrl":"np://user.desktop.nicepage.com/Site_7991170/images/2449837.png","size":6865,"fileName":"2449837.png","name":"2449837","width":128,"height":128,"thumbnail":{"url":"np://user.desktop.nicepage.com/Site_7991170/images/thumbnails/2449837.png","width":128,"height":128,"length":6865},"usages":[]},{"id":"user-image-2732655.png","publicUrl":"np://user.desktop.nicepage.com/Site_7991170/images/2732655.png","size":1464,"fileName":"2732655.png","name":"2732655","width":128,"height":128,"thumbnail":{"url":"np://user.desktop.nicepage.com/Site_7991170/images/thumbnails/2732655.png","width":128,"height":128,"length":1464},"originalUrl":"//images01.nicepagecdn.com/c461c07a441a5d220e8feb1a/a3e1cd4ef3ab55139808880c/2732655.png","usages":[]},{"id":"user-image-3670127.png","publicUrl":"np://user.desktop.nicepage.com/Site_7991170/images/3670127.png","size":6188,"fileName":"3670127.png","name":"3670127","width":128,"height":128,"thumbnail":{"url":"np://user.desktop.nicepage.com/Site_7991170/images/thumbnails/3670127.png","width":128,"height":128,"length":6188},"usages":[]},{"id":"user-image-4336400.png","publicUrl":"np://user.desktop.nicepage.com/Site_7991170/images/4336400.png","size":6575,"fileName":"4336400.png","name":"4336400","width":128,"height":128,"thumbnail":{"url":"np://user.desktop.nicepage.com/Site_7991170/images/thumbnails/4336400.png","width":128,"height":128,"length":6575},"usages":[]},{"id":"user-image-3670226.png","publicUrl":"np://user.desktop.nicepage.com/Site_7991170/images/3670226.png","size":4514,"fileName":"3670226.png","name":"3670226","width":128,"height":128,"thumbnail":{"url":"np://user.desktop.nicepage.com/Site_7991170/images/thumbnails/3670226.png","width":128,"height":128,"length":4514},"usages":[]},{"id":"user-image-5432747.png","publicUrl":"np://user.desktop.nicepage.com/Site_7991170/images/5432747.png","size":3175,"fileName":"5432747.png","name":"5432747","width":128,"height":128,"thumbnail":{"url":"np://user.desktop.nicepage.com/Site_7991170/images/thumbnails/5432747.png","width":128,"height":128,"length":3175},"usages":[]},{"id":"user-image-3868375.png","publicUrl":"np://user.desktop.nicepage.com/Site_7991170/images/3868375.png","size":5239,"fileName":"3868375.png","name":"3868375","width":128,"height":128,"thumbnail":{"url":"np://user.desktop.nicepage.com/Site_7991170/images/thumbnails/3868375.png","width":128,"height":128,"length":5239},"usages":[]},{"id":"user-image-145807.png","publicUrl":"np://user.desktop.nicepage.com/Site_7991170/images/145807.png","size":1943,"fileName":"145807.png","name":"145807","width":128,"height":128,"thumbnail":{"url":"np://user.desktop.nicepage.com/Site_7991170/images/thumbnails/145807.png","width":128,"height":128,"length":1943},"usages":[]},{"id":"user-image-610128.png","publicUrl":"np://user.desktop.nicepage.com/Site_7991170/images/610128.png","size":2632,"fileName":"610128.png","name":"610128","width":128,"height":128,"thumbnail":{"url":"np://user.desktop.nicepage.com/Site_7991170/images/thumbnails/610128.png","width":128,"height":128,"length":2632},"usages":[]},{"id":"user-image-1450932.png","publicUrl":"np://user.desktop.nicepage.com/Site_7991170/images/1450932.png","size":2572,"fileName":"1450932.png","name":"1450932","width":128,"height":128,"thumbnail":{"url":"np://user.desktop.nicepage.com/Site_7991170/images/thumbnails/1450932.png","width":128,"height":128,"length":2572},"usages":[]},{"id":"user-image-8199636.png","publicUrl":"np://user.desktop.nicepage.com/Site_7991170/images/8199636.png","size":6698,"fileName":"8199636.png","name":"8199636","width":128,"height":128,"thumbnail":{"url":"np://user.desktop.nicepage.com/Site_7991170/images/thumbnails/8199636.png","width":128,"height":128,"length":6698},"usages":[]},{"id":"user-image-Banner11.png","publicUrl":"np://user.desktop.nicepage.com/Site_7991170/images/Banner11.png","size":76379,"fileName":"Banner11.png","name":"Banner11","width":970,"height":250,"thumbnail":{"url":"np://user.desktop.nicepage.com/Site_7991170/images/thumbnails/Banner11.png","width":250,"height":64},"usages":[]},{"id":"user-image-EdwardProfile.png","publicUrl":"np://user.desktop.nicepage.com/Site_7991170/images/EdwardProfile.png","size":216534,"fileName":"EdwardProfile.png","name":"EdwardProfile","width":2048,"height":1536,"thumbnail":{"url":"np://user.desktop.nicepage.com/Site_7991170/images/thumbnails/EdwardProfile.png","width":250,"height":188},"usages":[]},{"id":"user-image-ProfilePhotoEric.jpg","publicUrl":"np://user.desktop.nicepage.com/Site_7991170/images/ProfilePhotoEric.jpg","size":39740,"fileName":"ProfilePhotoEric.jpg","name":"ProfilePhotoEric","width":207,"height":207,"thumbnail":{"url":"np://user.desktop.nicepage.com/Site_7991170/images/thumbnails/ProfilePhotoEric.jpg","width":207,"height":207,"length":39740},"usages":[]},{"id":"user-image-how-to-leverage-ai-for-social-media-sentiment-analysis.jpg","publicUrl":"np://user.desktop.nicepage.com/Site_7991170/images/how-to-leverage-ai-for-social-media-sentiment-analysis.jpg","size":61807,"fileName":"how-to-leverage-ai-for-social-media-sentiment-analysis.jpg","name":"how-to-leverage-ai-for-social-media-sentiment-analysis","width":1200,"height":900,"thumbnail":{"url":"np://user.desktop.nicepage.com/Site_7991170/images/thumbnails/how-to-leverage-ai-for-social-media-sentiment-analysis.jpg","width":250,"height":188},"usages":[]},{"id":"user-image-SteveProfile.jpg","publicUrl":"np://user.desktop.nicepage.com/Site_7991170/images/SteveProfile.jpg","size":89365,"fileName":"SteveProfile.jpg","name":"SteveProfile","width":500,"height":500,"thumbnail":{"url":"np://user.desktop.nicepage.com/Site_7991170/images/thumbnails/SteveProfile.jpg","width":250,"height":250},"usages":[]},{"id":"user-image-666201.png","publicUrl":"np://user.desktop.nicepage.com/Site_7991170/images/666201.png","size":2825,"fileName":"666201.png","name":"666201","width":128,"height":128,"thumbnail":{"url":"np://user.desktop.nicepage.com/Site_7991170/images/thumbnails/666201.png","width":128,"height":128,"length":2825},"usages":["45233128","225920576","83875651","48939011","119107748","1020023148","986828753","81304049","87971249","107450061"]},{"id":"user-image-5184373.png","publicUrl":"np://user.desktop.nicepage.com/Site_7991170/images/5184373.png","size":2385,"fileName":"5184373.png","name":"5184373","width":128,"height":128,"thumbnail":{"url":"np://user.desktop.nicepage.com/Site_7991170/images/thumbnails/5184373.png","width":128,"height":128,"length":2385},"usages":["45233128","225920576","83875651","48939011","119107748","1020023148","986828753","81304049","87971249","107450061"]},{"id":"user-image-5231421.png","publicUrl":"np://user.desktop.nicepage.com/Site_7991170/images/5231421.png","size":10535,"fileName":"5231421.png","name":"5231421","width":128,"height":128,"thumbnail":{"url":"np://user.desktop.nicepage.com/Site_7991170/images/thumbnails/5231421.png","width":128,"height":128,"length":10535},"usages":["45233128","225920576","83875651","48939011","119107748","1020023148","986828753","81304049","87971249","107450061"]},{"id":"user-image-tesla_logo-wallpaper-1024x1024.jpg","publicUrl":"np://user.desktop.nicepage.com/Site_7991170/images/tesla_logo-wallpaper-1024x1024.jpg","size":70023,"fileName":"tesla_logo-wallpaper-1024x1024.jpg","name":"tesla_logo-wallpaper-1024x1024","width":1024,"height":1024,"thumbnail":{"url":"np://user.desktop.nicepage.com/Site_7991170/images/thumbnails/tesla_logo-wallpaper-1024x1024.jpg","width":250,"height":250},"usages":["87971249"]},{"id":"user-image-3588171.png","publicUrl":"np://user.desktop.nicepage.com/Site_7991170/images/3588171.png","size":3803,"fileName":"3588171.png","name":"3588171","width":128,"height":128,"thumbnail":{"url":"np://user.desktop.nicepage.com/Site_7991170/images/thumbnails/3588171.png","width":128,"height":128,"length":3803},"usages":["45233128","225920576","83875651","48939011","119107748","1020023148","986828753","81304049","87971249","107450061"]},{"id":"user-image-lowes_logo_black.jpg","publicUrl":"np://user.desktop.nicepage.com/Site_7991170/images/lowes_logo_black.jpg","size":48563,"fileName":"lowes_logo_black.jpg","name":"lowes_logo_black","width":1351,"height":620,"thumbnail":{"url":"np://user.desktop.nicepage.com/Site_7991170/images/thumbnails/lowes_logo_black.jpg","width":250,"height":115},"usages":["83875651"]},{"id":"user-image-1000_F_485293824_qC6hlp3BqbBaKQ3FTeJ5tOj5KOn6ECqf.jpg","publicUrl":"np://user.desktop.nicepage.com/Site_7991170/images/1000_F_485293824_qC6hlp3BqbBaKQ3FTeJ5tOj5KOn6ECqf.jpg","size":181314,"fileName":"1000_F_485293824_qC6hlp3BqbBaKQ3FTeJ5tOj5KOn6ECqf.jpg","name":"1000_F_485293824_qC6hlp3BqbBaKQ3FTeJ5tOj5KOn6ECqf","width":1000,"height":1000,"thumbnail":{"url":"np://user.desktop.nicepage.com/Site_7991170/images/thumbnails/1000_F_485293824_qC6hlp3BqbBaKQ3FTeJ5tOj5KOn6ECqf.jpg","width":250,"height":250},"usages":[]},{"id":"user-image-64673.png","publicUrl":"np://user.desktop.nicepage.com/Site_7991170/images/64673.png","size":2804,"fileName":"64673.png","name":"64673","width":128,"height":128,"thumbnail":{"url":"np://user.desktop.nicepage.com/Site_7991170/images/thumbnails/64673.png","width":128,"height":128,"length":2804},"usages":["45233128","225920576","83875651","48939011","119107748","1020023148","986828753","81304049","87971249","107450061"]},{"id":"user-image-4175914.png","publicUrl":"np://user.desktop.nicepage.com/Site_7991170/images/4175914.png","size":5423,"fileName":"4175914.png","name":"4175914","width":128,"height":128,"thumbnail":{"url":"np://user.desktop.nicepage.com/Site_7991170/images/thumbnails/4175914.png","width":128,"height":128,"length":5423},"usages":["45233128","225920576","83875651","48939011","119107748","1020023148","986828753","81304049","87971249","107450061"]},{"id":"user-image-starbucks-logo.jpg","publicUrl":"np://user.desktop.nicepage.com/Site_7991170/images/starbucks-logo.jpg","size":72486,"fileName":"starbucks-logo.jpg","name":"starbucks-logo","width":1200,"height":675,"thumbnail":{"url":"np://user.desktop.nicepage.com/Site_7991170/images/thumbnails/starbucks-logo.jpg","width":250,"height":141},"usages":["81304049"]},{"id":"user-image-Ben_Headshot.png","publicUrl":"np://user.desktop.nicepage.com/Site_7991170/images/Ben_Headshot.png","size":918867,"fileName":"Ben_Headshot.png","name":"Ben_Headshot","width":1252,"height":1222,"thumbnail":{"url":"np://user.desktop.nicepage.com/Site_7991170/images/thumbnails/Ben_Headshot.png","width":250,"height":244},"usages":[]},{"id":"user-image-Business-Process-Re-engineering-min.png","publicUrl":"np://user.desktop.nicepage.com/Site_7991170/images/Business-Process-Re-engineering-min.png","size":87355,"fileName":"Business-Process-Re-engineering-min.png","name":"Business-Process-Re-engineering-min","width":1340,"height":840,"thumbnail":{"url":"np://user.desktop.nicepage.com/Site_7991170/images/thumbnails/Business-Process-Re-engineering-min.png","width":250,"height":157},"usages":[]},{"id":"user-image-CH1.jpg","publicUrl":"np://user.desktop.nicepage.com/Site_7991170/images/CH1.jpg","size":1334808,"fileName":"CH1.jpg","name":"CH1","width":1600,"height":1542,"thumbnail":{"url":"np://user.desktop.nicepage.com/Site_7991170/images/thumbnails/CH1.jpg","width":250,"height":241},"usages":[]},{"id":"user-image-4395935.png","publicUrl":"np://user.desktop.nicepage.com/Site_7991170/images/4395935.png","size":9550,"fileName":"4395935.png","name":"4395935","width":128,"height":128,"thumbnail":{"url":"np://user.desktop.nicepage.com/Site_7991170/images/thumbnails/4395935.png","width":128,"height":128,"length":9550},"usages":["45233128","225920576","83875651","48939011","119107748","1020023148","986828753","81304049","87971249","107450061"]},{"id":"user-image-IMG_20220201_1532212.jpg","publicUrl":"np://user.desktop.nicepage.com/Site_7991170/images/IMG_20220201_1532212.jpg","size":322653,"fileName":"IMG_20220201_1532212.jpg","name":"IMG_20220201_1532212","width":1600,"height":1201,"thumbnail":{"url":"np://user.desktop.nicepage.com/Site_7991170/images/thumbnails/IMG_20220201_1532212.jpg","width":250,"height":188},"usages":[]},{"id":"user-image-Processoverview.jpg","publicUrl":"np://user.desktop.nicepage.com/Site_7991170/images/Processoverview.jpg","size":82064,"fileName":"Processoverview.jpg","name":"Processoverview","width":1153,"height":510,"thumbnail":{"url":"np://user.desktop.nicepage.com/Site_7991170/images/thumbnails/Processoverview.jpg","width":250,"height":111},"usages":[]},{"id":"user-image-456115.png","publicUrl":"np://user.desktop.nicepage.com/Site_7991170/images/456115.png","size":3266,"fileName":"456115.png","name":"456115","width":128,"height":128,"thumbnail":{"url":"np://user.desktop.nicepage.com/Site_7991170/images/thumbnails/456115.png","width":128,"height":128,"length":3266},"usages":["45233128","225920576","83875651","48939011","119107748","1020023148","986828753","81304049","87971249","107450061"]},{"id":"user-image-QuordataOrangeLogo.png","publicUrl":"np://user.desktop.nicepage.com/Site_7991170/images/QuordataOrangeLogo.png","size":26865,"fileName":"QuordataOrangeLogo.png","name":"QuordataOrangeLogo","width":228,"height":299,"thumbnail":{"url":"np://user.desktop.nicepage.com/Site_7991170/images/thumbnails/QuordataOrangeLogo.png","width":191,"height":250},"usages":["391202416"]},{"id":"user-image-Sentiment.jpg","publicUrl":"np://user.desktop.nicepage.com/Site_7991170/images/Sentiment.jpg","size":50156,"fileName":"Sentiment.jpg","name":"Sentiment","width":2000,"height":900,"thumbnail":{"url":"np://user.desktop.nicepage.com/Site_7991170/images/thumbnails/Sentiment.jpg","width":250,"height":113},"usages":[]},{"id":"user-image-pfizer-recall-of-blood-pressure-drug-accuretic-1440x810.jpg","publicUrl":"np://user.desktop.nicepage.com/Site_7991170/images/pfizer-recall-of-blood-pressure-drug-accuretic-1440x810.jpg","size":77603,"fileName":"pfizer-recall-of-blood-pressure-drug-accuretic-1440x810.jpg","name":"pfizer-recall-of-blood-pressure-drug-accuretic-1440x810","width":1440,"height":810,"thumbnail":{"url":"np://user.desktop.nicepage.com/Site_7991170/images/thumbnails/pfizer-recall-of-blood-pressure-drug-accuretic-1440x810.jpg","width":250,"height":141},"usages":["1020023148"]},{"id":"user-image-4730727.png","publicUrl":"np://user.desktop.nicepage.com/Site_7991170/images/4730727.png","size":5634,"fileName":"4730727.png","name":"4730727","width":128,"height":128,"thumbnail":{"url":"np://user.desktop.nicepage.com/Site_7991170/images/thumbnails/4730727.png","width":128,"height":128,"length":5634},"usages":["45233128","225920576","83875651","48939011","119107748","1020023148","986828753","81304049","87971249","107450061"]},{"id":"user-image-Whitepapersnip.jpg","publicUrl":"np://user.desktop.nicepage.com/Site_7991170/images/Whitepapersnip.jpg","size":89661,"fileName":"Whitepapersnip.jpg","name":"Whitepapersnip","width":830,"height":468,"thumbnail":{"url":"np://user.desktop.nicepage.com/Site_7991170/images/thumbnails/Whitepapersnip.jpg","width":250,"height":141},"usages":[]},{"id":"user-image-Whitepapersnip1.jpg","publicUrl":"np://user.desktop.nicepage.com/Site_7991170/images/Whitepapersnip1.jpg","size":61465,"fileName":"Whitepapersnip1.jpg","name":"Whitepapersnip1","width":438,"height":658,"thumbnail":{"url":"np://user.desktop.nicepage.com/Site_7991170/images/thumbnails/Whitepapersnip1.jpg","width":166,"height":250},"usages":[]},{"id":"user-image-amazon-logo.jpg","publicUrl":"np://user.desktop.nicepage.com/Site_7991170/images/amazon-logo.jpg","size":29180,"fileName":"amazon-logo.jpg","name":"amazon-logo","width":1500,"height":844,"thumbnail":{"url":"np://user.desktop.nicepage.com/Site_7991170/images/thumbnails/amazon-logo.jpg","width":250,"height":141},"usages":["45233128"]},{"id":"user-image-big-data-20futuristic-visualization-abstract-illustration-picture-id653295972.jpg","publicUrl":"np://user.desktop.nicepage.com/Site_7991170/images/big-data-20futuristic-visualization-abstract-illustration-picture-id653295972.jpg","size":821032,"fileName":"big-data-20futuristic-visualization-abstract-illustration-picture-id653295972.jpg","name":"big-data-20futuristic-visualization-abstract-illustration-picture-id653295972","width":1275,"height":717,"thumbnail":{"url":"np://user.desktop.nicepage.com/Site_7991170/images/thumbnails/big-data-20futuristic-visualization-abstract-illustration-picture-id653295972.jpg","width":250,"height":141},"usages":[]},{"id":"user-image-boeing-plane-logo-rt-jt-220802_1659457958376_hpMain_16x9_1600.jpg","publicUrl":"np://user.desktop.nicepage.com/Site_7991170/images/boeing-plane-logo-rt-jt-220802_1659457958376_hpMain_16x9_1600.jpg","size":124841,"fileName":"boeing-plane-logo-rt-jt-220802_1659457958376_hpMain_16x9_1600.jpg","name":"boeing-plane-logo-rt-jt-220802_1659457958376_hpMain_16x9_1600","width":1600,"height":900,"thumbnail":{"url":"np://user.desktop.nicepage.com/Site_7991170/images/thumbnails/boeing-plane-logo-rt-jt-220802_1659457958376_hpMain_16x9_1600.jpg","width":250,"height":141},"usages":["225920576"]},{"id":"user-image-ec35b4372a59a14379815d538ea0884baf48f0f73defd076fe8ff3d62632fa4b1e6929a3f504d1990c9821d8588911d63afefb54c159af64ec88df_1280.png","publicUrl":"np://user.desktop.nicepage.com/Site_7991170/images/ec35b4372a59a14379815d538ea0884baf48f0f73defd076fe8ff3d62632fa4b1e6929a3f504d1990c9821d8588911d63afefb54c159af64ec88df_1280.png","size":238586,"fileName":"ec35b4372a59a14379815d538ea0884baf48f0f73defd076fe8ff3d62632fa4b1e6929a3f504d1990c9821d8588911d63afefb54c159af64ec88df_1280.png","name":"ec35b4372a59a14379815d538ea0884baf48f0f73defd076fe8ff3d62632fa4b1e6929a3f504d1990c9821d8588911d63afefb54c159af64ec88df_1280","width":1280,"height":1109,"thumbnail":{"url":"np://user.desktop.nicepage.com/Site_7991170/images/thumbnails/ec35b4372a59a14379815d538ea0884baf48f0f73defd076fe8ff3d62632fa4b1e6929a3f504d1990c9821d8588911d63afefb54c159af64ec88df_1280.png","width":250,"height":217},"usages":[]},{"id":"user-image-g-system-with-engineering-team-3d-bitoins-with-big-data-processing-and-cloud-computing-in-virtual-simulation-program-vector.jpg","publicUrl":"np://user.desktop.nicepage.com/Site_7991170/images/g-system-with-engineering-team-3d-bitoins-with-big-data-processing-and-cloud-computing-in-virtual-simulation-program-vector.jpg","size":95278,"fileName":"g-system-with-engineering-team-3d-bitoins-with-big-data-processing-and-cloud-computing-in-virtual-simulation-program-vector.jpg","name":"g-system-with-engineering-team-3d-bitoins-with-big-data-processing-and-cloud-computing-in-virtual-simulation-program-vector","width":1470,"height":980,"thumbnail":{"url":"np://user.desktop.nicepage.com/Site_7991170/images/thumbnails/g-system-with-engineering-team-3d-bitoins-with-big-data-processing-and-cloud-computing-in-virtual-simulation-program-vector.jpg","width":250,"height":167},"usages":[]},{"id":"user-image-walmartlogostencil__16464.1616768149.jpg","publicUrl":"np://user.desktop.nicepage.com/Site_7991170/images/walmartlogostencil__16464.1616768149.jpg","size":710625,"fileName":"walmartlogostencil__16464.1616768149.jpg","name":"walmartlogostencil__16464.1616768149","width":1280,"height":1280,"thumbnail":{"url":"np://user.desktop.nicepage.com/Site_7991170/images/thumbnails/walmartlogostencil__16464.1616768149.jpg","width":250,"height":250},"usages":["107450061"]},{"id":"user-image-QuordataOrange.png","publicUrl":"np://user.desktop.nicepage.com/Site_7991170/images/QuordataOrange.png","size":40062,"fileName":"QuordataOrange.png","name":"QuordataOrange","width":876,"height":299,"thumbnail":{"url":"np://user.desktop.nicepage.com/Site_7991170/images/thumbnails/QuordataOrange.png","width":250,"height":85},"usages":[]},{"id":"user-image-5766916.png","publicUrl":"np://user.desktop.nicepage.com/Site_7991170/images/5766916.png","size":2726,"fileName":"5766916.png","name":"5766916","width":128,"height":128,"thumbnail":{"url":"np://user.desktop.nicepage.com/Site_7991170/images/thumbnails/5766916.png","width":128,"height":128,"length":2726},"usages":[]},{"id":"user-image-476863.png","publicUrl":"np://user.desktop.nicepage.com/Site_7991170/images/476863.png","size":7025,"fileName":"476863.png","name":"476863","width":128,"height":128,"thumbnail":{"url":"np://user.desktop.nicepage.com/Site_7991170/images/thumbnails/476863.png","width":128,"height":128,"length":7025},"usages":[]},{"id":"user-image-4386562.png","publicUrl":"np://user.desktop.nicepage.com/Site_7991170/images/4386562.png","size":2352,"fileName":"4386562.png","name":"4386562","width":128,"height":128,"thumbnail":{"url":"np://user.desktop.nicepage.com/Site_7991170/images/thumbnails/4386562.png","width":128,"height":128,"length":2352},"usages":[]},{"id":"user-image-3128310.png","publicUrl":"np://user.desktop.nicepage.com/Site_7991170/images/3128310.png","size":3212,"fileName":"3128310.png","name":"3128310","width":128,"height":128,"thumbnail":{"url":"np://user.desktop.nicepage.com/Site_7991170/images/thumbnails/3128310.png","width":128,"height":128,"length":3212},"usages":[]}]