[{"id":"user-image-CH1.jpg","publicUrl":"np://user.desktop.nicepage.com/Site_850405004/images/CH1.jpg","size":1334808,"fileName":"CH1.jpg","name":"CH1","width":1600,"height":1542,"thumbnail":{"url":"np://user.desktop.nicepage.com/Site_850405004/images/thumbnails/CH1.jpg","width":250,"height":241},"usages":["209928677"]},{"id":"user-image-1000_F_485293824_qC6hlp3BqbBaKQ3FTeJ5tOj5KOn6ECqf.jpg","publicUrl":"np://user.desktop.nicepage.com/Site_850405004/images/1000_F_485293824_qC6hlp3BqbBaKQ3FTeJ5tOj5KOn6ECqf.jpg","size":181314,"fileName":"1000_F_485293824_qC6hlp3BqbBaKQ3FTeJ5tOj5KOn6ECqf.jpg","name":"1000_F_485293824_qC6hlp3BqbBaKQ3FTeJ5tOj5KOn6ECqf","width":1000,"height":1000,"thumbnail":{"url":"np://user.desktop.nicepage.com/Site_850405004/images/thumbnails/1000_F_485293824_qC6hlp3BqbBaKQ3FTeJ5tOj5KOn6ECqf.jpg","width":250,"height":250},"usages":[]},{"id":"user-image-1450932.png","publicUrl":"np://user.desktop.nicepage.com/Site_850405004/images/1450932.png","size":2572,"fileName":"1450932.png","name":"1450932","width":128,"height":128,"thumbnail":{"url":"np://user.desktop.nicepage.com/Site_850405004/images/thumbnails/1450932.png","width":128,"height":128,"length":2572},"usages":["182307612"]},{"id":"user-image-145807.png","publicUrl":"np://user.desktop.nicepage.com/Site_850405004/images/145807.png","size":1943,"fileName":"145807.png","name":"145807","width":128,"height":128,"thumbnail":{"url":"np://user.desktop.nicepage.com/Site_850405004/images/thumbnails/145807.png","width":128,"height":128,"length":1943},"usages":["182307612"]},{"id":"user-image-1508964.png","publicUrl":"np://user.desktop.nicepage.com/Site_850405004/images/1508964.png","size":1700,"fileName":"1508964.png","name":"1508964","width":128,"height":128,"thumbnail":{"url":"np://user.desktop.nicepage.com/Site_850405004/images/thumbnails/1508964.png","width":128,"height":128,"length":1700},"usages":["45233128","225920576","83875651","48939011","119107748","1020023148","986828753","81304049","87971249","107450061"]},{"id":"user-image-2449837.png","publicUrl":"np://user.desktop.nicepage.com/Site_850405004/images/2449837.png","size":6865,"fileName":"2449837.png","name":"2449837","width":128,"height":128,"thumbnail":{"url":"np://user.desktop.nicepage.com/Site_850405004/images/thumbnails/2449837.png","width":128,"height":128,"length":6865},"usages":["182307612"]},{"id":"user-image-2893811.png","publicUrl":"np://user.desktop.nicepage.com/Site_850405004/images/2893811.png","size":1858,"fileName":"2893811.png","name":"2893811","width":128,"height":128,"thumbnail":{"url":"np://user.desktop.nicepage.com/Site_850405004/images/thumbnails/2893811.png","width":128,"height":128,"length":1858},"usages":["45233128","225920576","83875651","48939011","119107748","1020023148","986828753","81304049","87971249","107450061"]},{"id":"user-image-walmartlogostencil__16464.1616768149.jpg","publicUrl":"np://user.desktop.nicepage.com/Site_850405004/images/walmartlogostencil__16464.1616768149.jpg","size":710625,"fileName":"walmartlogostencil__16464.1616768149.jpg","name":"walmartlogostencil__16464.1616768149","width":1280,"height":1280,"thumbnail":{"url":"np://user.desktop.nicepage.com/Site_850405004/images/thumbnails/walmartlogostencil__16464.1616768149.jpg","width":250,"height":250},"usages":["107450061","182307612"]},{"id":"user-image-3588171.png","publicUrl":"np://user.desktop.nicepage.com/Site_850405004/images/3588171.png","size":3803,"fileName":"3588171.png","name":"3588171","width":128,"height":128,"thumbnail":{"url":"np://user.desktop.nicepage.com/Site_850405004/images/thumbnails/3588171.png","width":128,"height":128,"length":3803},"usages":["45233128","225920576","83875651","48939011","119107748","1020023148","986828753","81304049","87971249","107450061"]},{"id":"user-image-3670127.png","publicUrl":"np://user.desktop.nicepage.com/Site_850405004/images/3670127.png","size":6188,"fileName":"3670127.png","name":"3670127","width":128,"height":128,"thumbnail":{"url":"np://user.desktop.nicepage.com/Site_850405004/images/thumbnails/3670127.png","width":128,"height":128,"length":6188},"usages":["182307612"]},{"id":"user-image-3670226.png","publicUrl":"np://user.desktop.nicepage.com/Site_850405004/images/3670226.png","size":4514,"fileName":"3670226.png","name":"3670226","width":128,"height":128,"thumbnail":{"url":"np://user.desktop.nicepage.com/Site_850405004/images/thumbnails/3670226.png","width":128,"height":128,"length":4514},"usages":["182307612"]},{"id":"user-image-3868375.png","publicUrl":"np://user.desktop.nicepage.com/Site_850405004/images/3868375.png","size":5239,"fileName":"3868375.png","name":"3868375","width":128,"height":128,"thumbnail":{"url":"np://user.desktop.nicepage.com/Site_850405004/images/thumbnails/3868375.png","width":128,"height":128,"length":5239},"usages":["182307612"]},{"id":"user-image-4175914.png","publicUrl":"np://user.desktop.nicepage.com/Site_850405004/images/4175914.png","size":5423,"fileName":"4175914.png","name":"4175914","width":128,"height":128,"thumbnail":{"url":"np://user.desktop.nicepage.com/Site_850405004/images/thumbnails/4175914.png","width":128,"height":128,"length":5423},"usages":["45233128","225920576","83875651","48939011","119107748","1020023148","986828753","81304049","87971249","107450061"]},{"id":"user-image-4336400.png","publicUrl":"np://user.desktop.nicepage.com/Site_850405004/images/4336400.png","size":6575,"fileName":"4336400.png","name":"4336400","width":128,"height":128,"thumbnail":{"url":"np://user.desktop.nicepage.com/Site_850405004/images/thumbnails/4336400.png","width":128,"height":128,"length":6575},"usages":["182307612"]},{"id":"user-image-tesla_logo-wallpaper-1024x1024.jpg","publicUrl":"np://user.desktop.nicepage.com/Site_850405004/images/tesla_logo-wallpaper-1024x1024.jpg","size":70023,"fileName":"tesla_logo-wallpaper-1024x1024.jpg","name":"tesla_logo-wallpaper-1024x1024","width":1024,"height":1024,"thumbnail":{"url":"np://user.desktop.nicepage.com/Site_850405004/images/thumbnails/tesla_logo-wallpaper-1024x1024.jpg","width":250,"height":250},"usages":["87971249","182307612"]},{"id":"user-image-456115.png","publicUrl":"np://user.desktop.nicepage.com/Site_850405004/images/456115.png","size":3266,"fileName":"456115.png","name":"456115","width":128,"height":128,"thumbnail":{"url":"np://user.desktop.nicepage.com/Site_850405004/images/thumbnails/456115.png","width":128,"height":128,"length":3266},"usages":["45233128","225920576","83875651","48939011","119107748","1020023148","986828753","81304049","87971249","107450061"]},{"id":"user-image-4395935.png","publicUrl":"np://user.desktop.nicepage.com/Site_850405004/images/4395935.png","size":9550,"fileName":"4395935.png","name":"4395935","width":128,"height":128,"thumbnail":{"url":"np://user.desktop.nicepage.com/Site_850405004/images/thumbnails/4395935.png","width":128,"height":128,"length":9550},"usages":["45233128","225920576","83875651","48939011","119107748","1020023148","986828753","81304049","87971249","107450061"]},{"id":"user-image-4730727.png","publicUrl":"np://user.desktop.nicepage.com/Site_850405004/images/4730727.png","size":5634,"fileName":"4730727.png","name":"4730727","width":128,"height":128,"thumbnail":{"url":"np://user.desktop.nicepage.com/Site_850405004/images/thumbnails/4730727.png","width":128,"height":128,"length":5634},"usages":["45233128","225920576","83875651","48939011","119107748","1020023148","986828753","81304049","87971249","107450061"]},{"id":"user-image-starbucks-logo.jpg","publicUrl":"np://user.desktop.nicepage.com/Site_850405004/images/starbucks-logo.jpg","size":72486,"fileName":"starbucks-logo.jpg","name":"starbucks-logo","width":1200,"height":675,"thumbnail":{"url":"np://user.desktop.nicepage.com/Site_850405004/images/thumbnails/starbucks-logo.jpg","width":250,"height":141},"usages":["81304049","182307612"]},{"id":"user-image-5184373.png","publicUrl":"np://user.desktop.nicepage.com/Site_850405004/images/5184373.png","size":2385,"fileName":"5184373.png","name":"5184373","width":128,"height":128,"thumbnail":{"url":"np://user.desktop.nicepage.com/Site_850405004/images/thumbnails/5184373.png","width":128,"height":128,"length":2385},"usages":["45233128","225920576","83875651","48939011","119107748","1020023148","986828753","81304049","87971249","107450061"]},{"id":"user-image-5231421.png","publicUrl":"np://user.desktop.nicepage.com/Site_850405004/images/5231421.png","size":10535,"fileName":"5231421.png","name":"5231421","width":128,"height":128,"thumbnail":{"url":"np://user.desktop.nicepage.com/Site_850405004/images/thumbnails/5231421.png","width":128,"height":128,"length":10535},"usages":["45233128","225920576","83875651","48939011","119107748","1020023148","986828753","81304049","87971249","107450061"]},{"id":"user-image-5432747.png","publicUrl":"np://user.desktop.nicepage.com/Site_850405004/images/5432747.png","size":3175,"fileName":"5432747.png","name":"5432747","width":128,"height":128,"thumbnail":{"url":"np://user.desktop.nicepage.com/Site_850405004/images/thumbnails/5432747.png","width":128,"height":128,"length":3175},"usages":["182307612"]},{"id":"user-image-lowes_logo_black.jpg","publicUrl":"np://user.desktop.nicepage.com/Site_850405004/images/lowes_logo_black.jpg","size":48563,"fileName":"lowes_logo_black.jpg","name":"lowes_logo_black","width":1351,"height":620,"thumbnail":{"url":"np://user.desktop.nicepage.com/Site_850405004/images/thumbnails/lowes_logo_black.jpg","width":250,"height":115},"usages":["83875651","182307612"]},{"id":"user-image-603148.png","publicUrl":"np://user.desktop.nicepage.com/Site_850405004/images/603148.png","size":3607,"fileName":"603148.png","name":"603148","width":128,"height":128,"thumbnail":{"url":"np://user.desktop.nicepage.com/Site_850405004/images/thumbnails/603148.png","width":128,"height":128,"length":3607},"usages":["182307612"]},{"id":"user-image-610128.png","publicUrl":"np://user.desktop.nicepage.com/Site_850405004/images/610128.png","size":2632,"fileName":"610128.png","name":"610128","width":128,"height":128,"thumbnail":{"url":"np://user.desktop.nicepage.com/Site_850405004/images/thumbnails/610128.png","width":128,"height":128,"length":2632},"usages":["182307612"]},{"id":"user-image-64673.png","publicUrl":"np://user.desktop.nicepage.com/Site_850405004/images/64673.png","size":2804,"fileName":"64673.png","name":"64673","width":128,"height":128,"thumbnail":{"url":"np://user.desktop.nicepage.com/Site_850405004/images/thumbnails/64673.png","width":128,"height":128,"length":2804},"usages":["45233128","225920576","83875651","48939011","119107748","1020023148","986828753","81304049","87971249","107450061"]},{"id":"user-image-666201.png","publicUrl":"np://user.desktop.nicepage.com/Site_850405004/images/666201.png","size":2825,"fileName":"666201.png","name":"666201","width":128,"height":128,"thumbnail":{"url":"np://user.desktop.nicepage.com/Site_850405004/images/thumbnails/666201.png","width":128,"height":128,"length":2825},"usages":["45233128","225920576","83875651","48939011","119107748","1020023148","986828753","81304049","87971249","107450061"]},{"id":"user-image-8199636.png","publicUrl":"np://user.desktop.nicepage.com/Site_850405004/images/8199636.png","size":6698,"fileName":"8199636.png","name":"8199636","width":128,"height":128,"thumbnail":{"url":"np://user.desktop.nicepage.com/Site_850405004/images/thumbnails/8199636.png","width":128,"height":128,"length":6698},"usages":["182307612"]},{"id":"user-image-AmazonCloselyRelatedTopicsGraph_New.png","publicUrl":"np://user.desktop.nicepage.com/Site_850405004/images/AmazonCloselyRelatedTopicsGraph_New.png","size":27819,"fileName":"AmazonCloselyRelatedTopicsGraph_New.png","name":"AmazonCloselyRelatedTopicsGraph_New","width":700,"height":500,"thumbnail":{"url":"np://user.desktop.nicepage.com/Site_850405004/images/thumbnails/AmazonCloselyRelatedTopicsGraph_New.png","width":250,"height":179},"usages":["45233128"]},{"id":"user-image-Banner11.png","publicUrl":"np://user.desktop.nicepage.com/Site_850405004/images/Banner11.png","size":76379,"fileName":"Banner11.png","name":"Banner11","width":970,"height":250,"thumbnail":{"url":"np://user.desktop.nicepage.com/Site_850405004/images/thumbnails/Banner11.png","width":250,"height":64},"usages":["182307612"]},{"id":"user-image-Ben_Headshot.png","publicUrl":"np://user.desktop.nicepage.com/Site_850405004/images/Ben_Headshot.png","size":918867,"fileName":"Ben_Headshot.png","name":"Ben_Headshot","width":1252,"height":1222,"thumbnail":{"url":"np://user.desktop.nicepage.com/Site_850405004/images/thumbnails/Ben_Headshot.png","width":250,"height":244},"usages":["209928677"]},{"id":"user-image-AmazonSourceTreemap_ChartJS.png","publicUrl":"np://user.desktop.nicepage.com/Site_850405004/images/AmazonSourceTreemap_ChartJS.png","size":32646,"fileName":"AmazonSourceTreemap_ChartJS.png","name":"AmazonSourceTreemap_ChartJS","width":700,"height":500,"thumbnail":{"url":"np://user.desktop.nicepage.com/Site_850405004/images/thumbnails/AmazonSourceTreemap_ChartJS.png","width":250,"height":179},"usages":["45233128"]},{"id":"user-image-BoeingCloselyRelatedTopicsGraph_New.png","publicUrl":"np://user.desktop.nicepage.com/Site_850405004/images/BoeingCloselyRelatedTopicsGraph_New.png","size":28533,"fileName":"BoeingCloselyRelatedTopicsGraph_New.png","name":"BoeingCloselyRelatedTopicsGraph_New","width":700,"height":500,"thumbnail":{"url":"np://user.desktop.nicepage.com/Site_850405004/images/thumbnails/BoeingCloselyRelatedTopicsGraph_New.png","width":250,"height":179},"usages":["225920576"]},{"id":"user-image-BoeingSourceTreemap_ChartJS.png","publicUrl":"np://user.desktop.nicepage.com/Site_850405004/images/BoeingSourceTreemap_ChartJS.png","size":33763,"fileName":"BoeingSourceTreemap_ChartJS.png","name":"BoeingSourceTreemap_ChartJS","width":700,"height":500,"thumbnail":{"url":"np://user.desktop.nicepage.com/Site_850405004/images/thumbnails/BoeingSourceTreemap_ChartJS.png","width":250,"height":179},"usages":["225920576"]},{"id":"user-image-1383507.png","publicUrl":"np://user.desktop.nicepage.com/Site_850405004/images/1383507.png","size":1879,"fileName":"1383507.png","name":"1383507","width":128,"height":128,"thumbnail":{"url":"np://user.desktop.nicepage.com/Site_850405004/images/thumbnails/1383507.png","width":128,"height":128,"length":1879},"usages":["45233128","225920576","83875651","48939011","119107748","1020023148","986828753","81304049","87971249","107450061"]},{"id":"user-image-EdwardProfile.png","publicUrl":"np://user.desktop.nicepage.com/Site_850405004/images/EdwardProfile.png","size":216534,"fileName":"EdwardProfile.png","name":"EdwardProfile","width":2048,"height":1536,"thumbnail":{"url":"np://user.desktop.nicepage.com/Site_850405004/images/thumbnails/EdwardProfile.png","width":250,"height":188},"usages":["182307612"]},{"id":"user-image-IMG_20220201_1532212.jpg","publicUrl":"np://user.desktop.nicepage.com/Site_850405004/images/IMG_20220201_1532212.jpg","size":322653,"fileName":"IMG_20220201_1532212.jpg","name":"IMG_20220201_1532212","width":1600,"height":1201,"thumbnail":{"url":"np://user.desktop.nicepage.com/Site_850405004/images/thumbnails/IMG_20220201_1532212.jpg","width":250,"height":188},"usages":["209928677"]},{"id":"user-image-Lowe_sCloselyRelatedTopicsGraph_New.png","publicUrl":"np://user.desktop.nicepage.com/Site_850405004/images/Lowe_sCloselyRelatedTopicsGraph_New.png","size":31299,"fileName":"Lowe_sCloselyRelatedTopicsGraph_New.png","name":"Lowe_sCloselyRelatedTopicsGraph_New","width":700,"height":500,"thumbnail":{"url":"np://user.desktop.nicepage.com/Site_850405004/images/thumbnails/Lowe_sCloselyRelatedTopicsGraph_New.png","width":250,"height":179},"usages":["83875651"]},{"id":"user-image-LowesSourceTreemap_ChartJS.png","publicUrl":"np://user.desktop.nicepage.com/Site_850405004/images/LowesSourceTreemap_ChartJS.png","size":30026,"fileName":"LowesSourceTreemap_ChartJS.png","name":"LowesSourceTreemap_ChartJS","width":700,"height":500,"thumbnail":{"url":"np://user.desktop.nicepage.com/Site_850405004/images/thumbnails/LowesSourceTreemap_ChartJS.png","width":250,"height":179},"usages":["83875651"]},{"id":"user-image-McDonald_sCloselyRelatedTopicsGraph_New.png","publicUrl":"np://user.desktop.nicepage.com/Site_850405004/images/McDonald_sCloselyRelatedTopicsGraph_New.png","size":29540,"fileName":"McDonald_sCloselyRelatedTopicsGraph_New.png","name":"McDonald_sCloselyRelatedTopicsGraph_New","width":700,"height":500,"thumbnail":{"url":"np://user.desktop.nicepage.com/Site_850405004/images/thumbnails/McDonald_sCloselyRelatedTopicsGraph_New.png","width":250,"height":179},"usages":["48939011"]},{"id":"user-image-McDonaldsSourceTreemap_ChartJS.png","publicUrl":"np://user.desktop.nicepage.com/Site_850405004/images/McDonaldsSourceTreemap_ChartJS.png","size":31244,"fileName":"McDonaldsSourceTreemap_ChartJS.png","name":"McDonaldsSourceTreemap_ChartJS","width":700,"height":500,"thumbnail":{"url":"np://user.desktop.nicepage.com/Site_850405004/images/thumbnails/McDonaldsSourceTreemap_ChartJS.png","width":250,"height":179},"usages":["48939011"]},{"id":"user-image-NvidiaCloselyRelatedTopicsGraph_New.png","publicUrl":"np://user.desktop.nicepage.com/Site_850405004/images/NvidiaCloselyRelatedTopicsGraph_New.png","size":31699,"fileName":"NvidiaCloselyRelatedTopicsGraph_New.png","name":"NvidiaCloselyRelatedTopicsGraph_New","width":700,"height":500,"thumbnail":{"url":"np://user.desktop.nicepage.com/Site_850405004/images/thumbnails/NvidiaCloselyRelatedTopicsGraph_New.png","width":250,"height":179},"usages":["119107748"]},{"id":"user-image-NvidiaSourceTreemap_ChartJS.png","publicUrl":"np://user.desktop.nicepage.com/Site_850405004/images/NvidiaSourceTreemap_ChartJS.png","size":38363,"fileName":"NvidiaSourceTreemap_ChartJS.png","name":"NvidiaSourceTreemap_ChartJS","width":700,"height":500,"thumbnail":{"url":"np://user.desktop.nicepage.com/Site_850405004/images/thumbnails/NvidiaSourceTreemap_ChartJS.png","width":250,"height":179},"usages":["119107748"]},{"id":"user-image-PfizerCloselyRelatedTopicsGraph_New.png","publicUrl":"np://user.desktop.nicepage.com/Site_850405004/images/PfizerCloselyRelatedTopicsGraph_New.png","size":30865,"fileName":"PfizerCloselyRelatedTopicsGraph_New.png","name":"PfizerCloselyRelatedTopicsGraph_New","width":700,"height":500,"thumbnail":{"url":"np://user.desktop.nicepage.com/Site_850405004/images/thumbnails/PfizerCloselyRelatedTopicsGraph_New.png","width":250,"height":179},"usages":["1020023148"]},{"id":"user-image-PfizerSourceTreemap_ChartJS.png","publicUrl":"np://user.desktop.nicepage.com/Site_850405004/images/PfizerSourceTreemap_ChartJS.png","size":34014,"fileName":"PfizerSourceTreemap_ChartJS.png","name":"PfizerSourceTreemap_ChartJS","width":700,"height":500,"thumbnail":{"url":"np://user.desktop.nicepage.com/Site_850405004/images/thumbnails/PfizerSourceTreemap_ChartJS.png","width":250,"height":179},"usages":["1020023148"]},{"id":"user-image-ProfilePhotoEric.jpg","publicUrl":"np://user.desktop.nicepage.com/Site_850405004/images/ProfilePhotoEric.jpg","size":39740,"fileName":"ProfilePhotoEric.jpg","name":"ProfilePhotoEric","width":207,"height":207,"thumbnail":{"url":"np://user.desktop.nicepage.com/Site_850405004/images/thumbnails/ProfilePhotoEric.jpg","width":207,"height":207,"length":39740},"usages":["182307612"]},{"id":"user-image-how-to-leverage-ai-for-social-media-sentiment-analysis.jpg","publicUrl":"np://user.desktop.nicepage.com/Site_850405004/images/how-to-leverage-ai-for-social-media-sentiment-analysis.jpg","size":61807,"fileName":"how-to-leverage-ai-for-social-media-sentiment-analysis.jpg","name":"how-to-leverage-ai-for-social-media-sentiment-analysis","width":1200,"height":900,"thumbnail":{"url":"np://user.desktop.nicepage.com/Site_850405004/images/thumbnails/how-to-leverage-ai-for-social-media-sentiment-analysis.jpg","width":250,"height":188},"usages":["182307612"]},{"id":"user-image-SalesforceCloselyRelatedTopicsGraph_New.png","publicUrl":"np://user.desktop.nicepage.com/Site_850405004/images/SalesforceCloselyRelatedTopicsGraph_New.png","size":29377,"fileName":"SalesforceCloselyRelatedTopicsGraph_New.png","name":"SalesforceCloselyRelatedTopicsGraph_New","width":700,"height":500,"thumbnail":{"url":"np://user.desktop.nicepage.com/Site_850405004/images/thumbnails/SalesforceCloselyRelatedTopicsGraph_New.png","width":250,"height":179},"usages":["986828753"]},{"id":"user-image-SalesforceSourceTreemap_ChartJS.png","publicUrl":"np://user.desktop.nicepage.com/Site_850405004/images/SalesforceSourceTreemap_ChartJS.png","size":37737,"fileName":"SalesforceSourceTreemap_ChartJS.png","name":"SalesforceSourceTreemap_ChartJS","width":700,"height":500,"thumbnail":{"url":"np://user.desktop.nicepage.com/Site_850405004/images/thumbnails/SalesforceSourceTreemap_ChartJS.png","width":250,"height":179},"usages":["986828753"]},{"id":"user-image-Sentiment.jpg","publicUrl":"np://user.desktop.nicepage.com/Site_850405004/images/Sentiment.jpg","size":50156,"fileName":"Sentiment.jpg","name":"Sentiment","width":2000,"height":900,"thumbnail":{"url":"np://user.desktop.nicepage.com/Site_850405004/images/thumbnails/Sentiment.jpg","width":250,"height":113},"usages":[]},{"id":"user-image-StarbucksCloselyRelatedTopicsGraph_New.png","publicUrl":"np://user.desktop.nicepage.com/Site_850405004/images/StarbucksCloselyRelatedTopicsGraph_New.png","size":28935,"fileName":"StarbucksCloselyRelatedTopicsGraph_New.png","name":"StarbucksCloselyRelatedTopicsGraph_New","width":700,"height":500,"thumbnail":{"url":"np://user.desktop.nicepage.com/Site_850405004/images/thumbnails/StarbucksCloselyRelatedTopicsGraph_New.png","width":250,"height":179},"usages":["81304049"]},{"id":"user-image-StarbucksSourceTreemap_ChartJS.png","publicUrl":"np://user.desktop.nicepage.com/Site_850405004/images/StarbucksSourceTreemap_ChartJS.png","size":34483,"fileName":"StarbucksSourceTreemap_ChartJS.png","name":"StarbucksSourceTreemap_ChartJS","width":700,"height":500,"thumbnail":{"url":"np://user.desktop.nicepage.com/Site_850405004/images/thumbnails/StarbucksSourceTreemap_ChartJS.png","width":250,"height":179},"usages":["81304049"]},{"id":"user-image-SteveProfile.jpg","publicUrl":"np://user.desktop.nicepage.com/Site_850405004/images/SteveProfile.jpg","size":89365,"fileName":"SteveProfile.jpg","name":"SteveProfile","width":500,"height":500,"thumbnail":{"url":"np://user.desktop.nicepage.com/Site_850405004/images/thumbnails/SteveProfile.jpg","width":250,"height":250},"usages":["182307612"]},{"id":"user-image-TabanProfile.jpg","publicUrl":"np://user.desktop.nicepage.com/Site_850405004/images/TabanProfile.jpg","size":57012,"fileName":"TabanProfile.jpg","name":"TabanProfile","width":500,"height":500,"thumbnail":{"url":"np://user.desktop.nicepage.com/Site_850405004/images/thumbnails/TabanProfile.jpg","width":250,"height":250},"usages":["182307612"]},{"id":"user-image-TeslaCloselyRelatedTopicsGraph_New1.png","publicUrl":"np://user.desktop.nicepage.com/Site_850405004/images/TeslaCloselyRelatedTopicsGraph_New1.png","size":29288,"fileName":"TeslaCloselyRelatedTopicsGraph_New1.png","name":"TeslaCloselyRelatedTopicsGraph_New1","width":700,"height":500,"thumbnail":{"url":"np://user.desktop.nicepage.com/Site_850405004/images/thumbnails/TeslaCloselyRelatedTopicsGraph_New1.png","width":250,"height":179},"usages":["87971249"]},{"id":"user-image-TeslaSourceTreemap_ChartJS.png","publicUrl":"np://user.desktop.nicepage.com/Site_850405004/images/TeslaSourceTreemap_ChartJS.png","size":33445,"fileName":"TeslaSourceTreemap_ChartJS.png","name":"TeslaSourceTreemap_ChartJS","width":700,"height":500,"thumbnail":{"url":"np://user.desktop.nicepage.com/Site_850405004/images/thumbnails/TeslaSourceTreemap_ChartJS.png","width":250,"height":179},"usages":["87971249"]},{"id":"user-image-WalmartCloselyRelatedTopicsGraph_New.png","publicUrl":"np://user.desktop.nicepage.com/Site_850405004/images/WalmartCloselyRelatedTopicsGraph_New.png","size":27522,"fileName":"WalmartCloselyRelatedTopicsGraph_New.png","name":"WalmartCloselyRelatedTopicsGraph_New","width":700,"height":500,"thumbnail":{"url":"np://user.desktop.nicepage.com/Site_850405004/images/thumbnails/WalmartCloselyRelatedTopicsGraph_New.png","width":250,"height":179},"usages":["107450061"]},{"id":"user-image-WalmartSourceTreemap_ChartJS.png","publicUrl":"np://user.desktop.nicepage.com/Site_850405004/images/WalmartSourceTreemap_ChartJS.png","size":34881,"fileName":"WalmartSourceTreemap_ChartJS.png","name":"WalmartSourceTreemap_ChartJS","width":700,"height":500,"thumbnail":{"url":"np://user.desktop.nicepage.com/Site_850405004/images/thumbnails/WalmartSourceTreemap_ChartJS.png","width":250,"height":179},"usages":["107450061"]},{"id":"user-image-amazon-logo.jpg","publicUrl":"np://user.desktop.nicepage.com/Site_850405004/images/amazon-logo.jpg","size":29180,"fileName":"amazon-logo.jpg","name":"amazon-logo","width":1500,"height":844,"thumbnail":{"url":"np://user.desktop.nicepage.com/Site_850405004/images/thumbnails/amazon-logo.jpg","width":250,"height":141},"usages":["45233128","182307612"]},{"id":"user-image-big-data-20futuristic-visualization-abstract-illustration-picture-id653295972.jpg","publicUrl":"np://user.desktop.nicepage.com/Site_850405004/images/big-data-20futuristic-visualization-abstract-illustration-picture-id653295972.jpg","size":821032,"fileName":"big-data-20futuristic-visualization-abstract-illustration-picture-id653295972.jpg","name":"big-data-20futuristic-visualization-abstract-illustration-picture-id653295972","width":1275,"height":717,"thumbnail":{"url":"np://user.desktop.nicepage.com/Site_850405004/images/thumbnails/big-data-20futuristic-visualization-abstract-illustration-picture-id653295972.jpg","width":250,"height":141},"usages":[]},{"id":"user-image-boeing-plane-logo-rt-jt-220802_1659457958376_hpMain_16x9_1600.jpg","publicUrl":"np://user.desktop.nicepage.com/Site_850405004/images/boeing-plane-logo-rt-jt-220802_1659457958376_hpMain_16x9_1600.jpg","size":124841,"fileName":"boeing-plane-logo-rt-jt-220802_1659457958376_hpMain_16x9_1600.jpg","name":"boeing-plane-logo-rt-jt-220802_1659457958376_hpMain_16x9_1600","width":1600,"height":900,"thumbnail":{"url":"np://user.desktop.nicepage.com/Site_850405004/images/thumbnails/boeing-plane-logo-rt-jt-220802_1659457958376_hpMain_16x9_1600.jpg","width":250,"height":141},"usages":["225920576","182307612"]},{"id":"user-image-ec35b4372a59a14379815d538ea0884baf48f0f73defd076fe8ff3d62632fa4b1e6929a3f504d1990c9821d8588911d63afefb54c159af64ec88df_1280.png","publicUrl":"np://user.desktop.nicepage.com/Site_850405004/images/ec35b4372a59a14379815d538ea0884baf48f0f73defd076fe8ff3d62632fa4b1e6929a3f504d1990c9821d8588911d63afefb54c159af64ec88df_1280.png","size":238586,"fileName":"ec35b4372a59a14379815d538ea0884baf48f0f73defd076fe8ff3d62632fa4b1e6929a3f504d1990c9821d8588911d63afefb54c159af64ec88df_1280.png","name":"ec35b4372a59a14379815d538ea0884baf48f0f73defd076fe8ff3d62632fa4b1e6929a3f504d1990c9821d8588911d63afefb54c159af64ec88df_1280","width":1280,"height":1109,"thumbnail":{"url":"np://user.desktop.nicepage.com/Site_850405004/images/thumbnails/ec35b4372a59a14379815d538ea0884baf48f0f73defd076fe8ff3d62632fa4b1e6929a3f504d1990c9821d8588911d63afefb54c159af64ec88df_1280.png","width":250,"height":217},"usages":[]},{"id":"user-image-g-system-with-engineering-team-3d-bitoins-with-big-data-processing-and-cloud-computing-in-virtual-simulation-program-vector.jpg","publicUrl":"np://user.desktop.nicepage.com/Site_850405004/images/g-system-with-engineering-team-3d-bitoins-with-big-data-processing-and-cloud-computing-in-virtual-simulation-program-vector.jpg","size":95278,"fileName":"g-system-with-engineering-team-3d-bitoins-with-big-data-processing-and-cloud-computing-in-virtual-simulation-program-vector.jpg","name":"g-system-with-engineering-team-3d-bitoins-with-big-data-processing-and-cloud-computing-in-virtual-simulation-program-vector","width":1470,"height":980,"thumbnail":{"url":"np://user.desktop.nicepage.com/Site_850405004/images/thumbnails/g-system-with-engineering-team-3d-bitoins-with-big-data-processing-and-cloud-computing-in-virtual-simulation-program-vector.jpg","width":250,"height":167},"usages":[]},{"id":"user-image-pfizer-recall-of-blood-pressure-drug-accuretic-1440x810.jpg","publicUrl":"np://user.desktop.nicepage.com/Site_850405004/images/pfizer-recall-of-blood-pressure-drug-accuretic-1440x810.jpg","size":77603,"fileName":"pfizer-recall-of-blood-pressure-drug-accuretic-1440x810.jpg","name":"pfizer-recall-of-blood-pressure-drug-accuretic-1440x810","width":1440,"height":810,"thumbnail":{"url":"np://user.desktop.nicepage.com/Site_850405004/images/thumbnails/pfizer-recall-of-blood-pressure-drug-accuretic-1440x810.jpg","width":250,"height":141},"usages":["1020023148","182307612"]},{"id":"user-image-QuordataOrange.png","publicUrl":"np://user.desktop.nicepage.com/Site_850405004/images/QuordataOrange.png","size":40062,"fileName":"QuordataOrange.png","name":"QuordataOrange","width":876,"height":299,"thumbnail":{"url":"np://user.desktop.nicepage.com/Site_850405004/images/thumbnails/QuordataOrange.png","width":250,"height":85},"usages":[]},{"id":"user-image-5766916.png","publicUrl":"np://user.desktop.nicepage.com/Site_850405004/images/5766916.png","size":2726,"fileName":"5766916.png","name":"5766916","width":128,"height":128,"thumbnail":{"url":"np://user.desktop.nicepage.com/Site_850405004/images/thumbnails/5766916.png","width":128,"height":128,"length":2726},"usages":[]},{"id":"user-image-476863.png","publicUrl":"np://user.desktop.nicepage.com/Site_850405004/images/476863.png","size":7025,"fileName":"476863.png","name":"476863","width":128,"height":128,"thumbnail":{"url":"np://user.desktop.nicepage.com/Site_850405004/images/thumbnails/476863.png","width":128,"height":128,"length":7025},"usages":[]},{"id":"user-image-4386562.png","publicUrl":"np://user.desktop.nicepage.com/Site_850405004/images/4386562.png","size":2352,"fileName":"4386562.png","name":"4386562","width":128,"height":128,"thumbnail":{"url":"np://user.desktop.nicepage.com/Site_850405004/images/thumbnails/4386562.png","width":128,"height":128,"length":2352},"usages":[]},{"id":"user-image-3128310.png","publicUrl":"np://user.desktop.nicepage.com/Site_850405004/images/3128310.png","size":3212,"fileName":"3128310.png","name":"3128310","width":128,"height":128,"thumbnail":{"url":"np://user.desktop.nicepage.com/Site_850405004/images/thumbnails/3128310.png","width":128,"height":128,"length":3212},"usages":[]}]